id;prenom;nom;email;telephone;fonction;commentaires
1;Developpeur de;ability c;Aquiline26@yahoo.fr;46197;Analyste a;payment SMTP reintermediate
2;Rial hacking Generic;open-source;Claire.Marie@yahoo.fr;1974;invoice Avon;Account
3;Haute-Normandie;systematic customized Stagiaire;Maxime27@hotmail.fr;51180;mobile;system Unbranded Optimized
4;Leone overriding panel;Unbranded Account a;Amalthe41@hotmail.fr;85359;maximized Refined c;plum Bûcherie payment
5;Sleek Garden;multi-byte;meline_Mercier70@yahoo.fr;38377;Lepic;Handmade Euro
6;HTTP withdrawal b;reinvent Kiribati;Quentine71@gmail.com;21843;b deposit Sausages;Rhône-Alpes generation withdrawal
7;Home multimedia;cyan Auvergne lime;Flavien.Mathieu72@hotmail.fr;77049;turquoise;Borders port Mille
8;a Frozen;plum function;Irina2@hotmail.fr;50529;Producteur;Berkshire mindshare PCI
9;transmit Bretagne mobile;Checking;Gerbert80@hotmail.fr;4661;Reverse-engineered;Dollar de
10;end-to-end;Qatar;Lonie_Dumas0@hotmail.fr;41214;networks;Buckinghamshire Languedoc-Roussillon c
